1,78jhf7m,珍贞,"",计珍贞,13131153975,78jhf7m@hotmail.com,"",2,1965-06-11,F,2020-06-11T19:26:14.000+08:00,"",""
2,no7psohy37e8,欣飘,"",俞丽,13621662846,no7psohy37e8@yahoo.com.cn,"",1,1979-06-11,F,2020-06-11T19:26:14.000+08:00,2020-06-16T19:46:42.000+08:00,""
3,0ed7wueunkr,真真,"",纪思丽,13198856643,0ed7wueunkr@yeah.net,"",2,1983-06-11,F,2020-06-11T19:26:14.000+08:00,2020-06-12T19:26:57.000+08:00,""
4,t48syb,芝芝,"",淳于芝,13182766499,mjzqunofxo@qq.com,"",1,1977-06-11,F,2020-06-11T19:26:14.000+08:00,2020-06-16T19:46:42.000+08:00,""
5,buf1v0i,艺欣,"",成艺欣,13959977497,buf1v0i@sina.com,"",1,1976-06-11,F,2020-06-11T19:26:14.000+08:00,"",""
6,cj0uqte,莲真,"",尤秋,13199543498,cj0uqte@msn.com,"",1,1989-06-11,F,2020-06-11T19:26:14.000+08:00,2020-06-13T19:27:21.000+08:00,""
7,2rjdsikm,娴瑾,"",百里玲芬,13616914935,2rjdsikm@googlemail.com,"",2,1977-06-11,F,2020-06-11T19:26:14.000+08:00,2020-06-14T19:27:40.000+08:00,""
8,ehp8o4f,姣婉,"",闻人姣婉,13125748574,ehp8o4f@ask.com,"",1,1973-06-11,F,2020-06-11T19:26:14.000+08:00,"",""
9,8yiiv7,珊莎,"",汪姣婉,13162248189,8yiiv7@yeah.net,"",1,1987-06-11,F,2020-06-11T19:26:14.000+08:00,2020-06-16T19:46:42.000+08:00,""
10,mcl81aqw,蓉眉,"",常蓉眉,13879398536,73m1vc8ia9p@msn.com,"",2,1970-06-11,F,2020-06-11T19:26:14.000+08:00,2020-06-16T19:46:42.000+08:00,""
11,cxy5ctpl,素云,"",张素云,13255837281,cxy5ctpl@yahoo.com.cn,"",1,1970-06-11,F,2020-06-11T19:26:14.000+08:00,"",""
12,nrmqvlg6wa6,静淑,"",齐静淑,13228219347,wcyyf18rr@sohu.com,"",1,1994-06-11,F,2020-06-11T19:26:14.000+08:00,2020-06-15T19:46:12.000+08:00,""
13,8pevrn58,莎锦,"",时璐娅,13669423271,8pevrn58@aol.com,"",1,1991-06-11,F,2020-06-11T19:26:14.000+08:00,2020-06-12T19:26:57.000+08:00,""
14,gagdvuu,欣欣,"",司空欣,13121917232,123qetr7tkf@gmail.com,"",1,2004-06-11,F,2020-06-11T19:26:14.000+08:00,2020-06-13T19:27:21.000+08:00,""
15,mqunxqi,瑶怡,"",何嘉,13568372576,mqunxqi@3721.net,"",1,1989-06-11,F,2020-06-11T19:26:14.000+08:00,2020-06-14T19:27:40.000+08:00,""
16,nrztjzzi,琬琬,"",陈璐娅,13192188478,nrztjzzi@qq.com,"",1,1996-06-11,F,2020-06-11T19:26:14.000+08:00,2020-06-14T19:27:40.000+08:00,""
17,lamk3h3tj,伊伊,"",庞伊,13485845812,wzybk55s3n@yahoo.com,"",1,2003-06-11,F,2020-06-11T19:26:14.000+08:00,2020-06-14T19:27:40.000+08:00,""
18,azj5eulv1b,翠雅,"",岑娜静,13925833478,azj5eulv1b@263.net,"",1,1976-06-11,F,2020-06-11T19:26:14.000+08:00,2020-06-13T19:27:21.000+08:00,""
19,y0zd8o60sp,咏卿,"",钟离佳嘉,13541268645,y0zd8o60sp@0355.net,"",2,1972-06-11,F,2020-06-11T19:26:14.000+08:00,2020-06-12T19:26:57.000+08:00,""
20,chd3velwo,艺艺,"",凤莉桂,13682428736,chd3velwo@msn.com,"",1,1995-06-11,F,2020-06-11T19:26:14.000+08:00,2020-06-13T19:27:21.000+08:00,""
21,s1cuatz3,纯纯,"",元予馨,13857564757,s1cuatz3@hotmail.com,"",1,1990-06-11,F,2020-06-11T19:26:14.000+08:00,2020-06-16T19:46:42.000+08:00,""
22,0uosg1t70qwm,丹蓉,"",庞予,13127997961,0uosg1t70qwm@live.com,"",1,1993-06-11,F,2020-06-11T19:26:14.000+08:00,2020-06-13T19:27:21.000+08:00,""
23,ff75gvlg63l,可可,"",姚可,13124716175,ff75gvlg63l@yahoo.com.cn,"",1,1977-06-11,F,2020-06-11T19:26:14.000+08:00,2020-06-14T19:27:40.000+08:00,""
24,tywlcvo,贞莉,"",韩贞莉,13276259332,tywlcvo@googlemail.com,"",2,1988-06-11,F,2020-06-11T19:26:14.000+08:00,"",""
25,tec9v2q,妹妹,"",蒋妹,13782583822,tec9v2q@qq.com,"",1,1972-06-11,F,2020-06-11T19:26:14.000+08:00,"",""
26,b18ltyfx,莉桂,"",葛莉桂,13415732925,b18ltyfx@googlemail.com,"",2,1995-06-11,F,2020-06-11T19:26:14.000+08:00,"",""
27,w61531m,淑淑,"",齐眉,13637259567,w61531m@live.com,"",2,1992-06-11,F,2020-06-11T19:26:14.000+08:00,2020-06-13T19:27:21.000+08:00,""
28,xh48wdsuq,震振,"",鲍富顺,13872353418,0l680jybm6@live.com,"",1,1985-06-11,M,2020-06-11T19:26:14.000+08:00,2020-06-15T19:46:12.000+08:00,""
29,1zva22jv0f,宁欣,"",呼延荷丹,13453255426,1zva22jv0f@163.com,"",1,1994-06-11,F,2020-06-11T19:26:14.000+08:00,2020-06-13T19:27:21.000+08:00,""
30,fiihbnoewo,艳艳,"",史爽琬,13969626858,fiihbnoewo@live.com,"",1,2004-06-11,F,2020-06-11T19:26:14.000+08:00,2020-06-15T19:46:12.000+08:00,""
31,42l6olacbp,佳嘉,"",韩纨仪,13586143226,42l6olacbp@126.com,"",1,1980-06-11,F,2020-06-11T19:26:14.000+08:00,2020-06-15T19:46:12.000+08:00,""
32,dae5fr154,丹蓉,"",令狐丹蓉,13338385622,dae5fr154@126.com,"",1,2000-06-11,F,2020-06-11T19:26:14.000+08:00,"",""
33,d2maenl,阿俊,"",李俊,13839755628,d2maenl@0355.net,"",1,1984-06-11,M,2020-06-11T19:26:14.000+08:00,"",""
34,tp9czn,芸菲,"",鲁寒,13431195516,tp9czn@ask.com,"",1,1966-06-11,F,2020-06-11T19:26:14.000+08:00,2020-06-15T19:46:12.000+08:00,""
35,a2j44j,洁洁,"",鲍菊兰,13661221379,a2j44j@sohu.com,"",1,2002-06-11,F,2020-06-11T19:26:14.000+08:00,2020-06-13T19:27:21.000+08:00,""
36,9sps2k,宁欣,"",施蓉眉,13855487641,9sps2k@sohu.com,"",1,1996-06-11,F,2020-06-11T19:26:14.000+08:00,2020-06-14T19:27:40.000+08:00,""
37,qlkeq91y99h,媛媛,"",李媛,13114442889,a7wu297y55@0355.net,"",1,1987-06-11,F,2020-06-11T19:26:14.000+08:00,2020-06-12T19:26:57.000+08:00,""
38,9l1ffl4qk7a,凤凤,"",邬凤,13261321767,9l1ffl4qk7a@aol.com,"",3,1986-06-11,F,2020-06-11T19:26:14.000+08:00,2020-06-15T19:46:12.000+08:00,""
39,7u9ie1hfl6e,欣飘,"",吕欣飘,13411827562,7u9ie1hfl6e@0355.net,"",1,2004-06-11,F,2020-06-11T19:26:14.000+08:00,"",""
40,x9jrl94,琬茗,"",华琬茗,13917353653,dykh76wmymj@0355.net,"",1,1995-06-11,F,2020-06-11T19:26:14.000+08:00,2020-06-12T19:26:57.000+08:00,""
41,h98ahh7x,琴蕊,"",秦璐娅,13928381319,h98ahh7x@qq.com,"",1,1982-06-11,F,2020-06-11T19:26:14.000+08:00,2020-06-12T19:26:57.000+08:00,""
42,mnf6kflu0md,洁洁,"",杨怡婵,13861166573,mnf6kflu0md@yahoo.com.cn,"",1,1970-06-11,F,2020-06-11T19:26:14.000+08:00,2020-06-14T19:27:40.000+08:00,""
43,kx4whi,莉莉,"",马竹,13275722463,kx4whi@163.com,"",2,1982-06-11,F,2020-06-11T19:26:14.000+08:00,2020-06-16T19:46:42.000+08:00,""
44,bdm6i21p,燕燕,"",安燕,13686275633,bdm6i21p@msn.com,"",2,1993-06-11,F,2020-06-11T19:26:14.000+08:00,"",""
45,u4gnho3z,颖露,"",汪颖露,13165664222,u4gnho3z@ask.com,"",1,1974-06-11,F,2020-06-11T19:26:14.000+08:00,2020-06-12T19:26:57.000+08:00,""
46,001dhketr,健世,"",赵健世,13111252341,001dhketr@ask.com,"",1,1990-06-11,M,2020-06-11T19:26:14.000+08:00,"",""
47,kgen8ue7femv,萍萍,"",孙娅琦,13855367856,kgen8ue7femv@live.com,"",1,1985-06-11,F,2020-06-11T19:26:14.000+08:00,2020-06-16T19:46:42.000+08:00,""
48,ograwcumpgv,莺媛,"",李莺媛,13514495936,ograwcumpgv@163.com,"",1,2001-06-11,F,2020-06-11T19:26:14.000+08:00,"",""
49,c59nrcgkf,莉莉,"",陈莉,13734186182,c59nrcgkf@3721.net,"",2,1975-06-11,F,2020-06-11T19:26:14.000+08:00,"",""
50,ku6ngjo49r,凤洁,"",闻人凤洁,13955239756,ku6ngjo49r@gmail.com,"",2,1966-06-11,F,2020-06-11T19:26:14.000+08:00,2020-06-13T19:27:21.000+08:00,""
51,2n0foex2m,士以,"",邬士以,13965762561,2n0foex2m@3721.net,"",1,1990-06-11,M,2020-06-11T19:26:14.000+08:00,"",""
52,ovllrd4,琼琼,"",傅琼,13297262486,ovllrd4@gmail.com,"",1,1982-06-11,F,2020-06-11T19:26:14.000+08:00,"",""
53,brqtt4rsnf7,星光,"",令狐星光,13255338467,5spksovk8rn@googlemail.com,"",2,1974-06-11,M,2020-06-11T19:26:14.000+08:00,2020-06-14T19:27:40.000+08:00,""
54,7r7su34pqf,艺欣,"",毛艺欣,13739195586,7r7su34pqf@msn.com,"",3,2005-06-11,F,2020-06-11T19:26:14.000+08:00,"",""
55,rn5hb6fhx9n,梅琳,"",袁梅琳,13365917963,rn5hb6fhx9n@yahoo.com,"",1,2005-06-11,F,2020-06-11T19:26:14.000+08:00,"",""
56,jvo2qoy3c,娟英,"",王静淑,13641114977,jvo2qoy3c@263.net,"",2,1975-06-11,F,2020-06-11T19:26:14.000+08:00,2020-06-14T19:27:40.000+08:00,""
57,xeffifna5,贞莉,"",孟韶涵,13993562221,xeffifna5@163.com,"",1,1986-06-11,F,2020-06-11T19:26:14.000+08:00,2020-06-16T19:46:42.000+08:00,""
58,5l7bw1m56am4,荣爱,"",韦媛,13534348169,5l7bw1m56am4@qq.com,"",1,1985-06-11,F,2020-06-11T19:26:14.000+08:00,2020-06-13T19:27:21.000+08:00,""
59,0vxvo0wsc9f,秋秋,"",曹芳,13422317842,0vxvo0wsc9f@hotmail.com,"",1,1995-06-11,F,2020-06-11T19:26:14.000+08:00,2020-06-15T19:46:12.000+08:00,""
60,s3bk7gesvb7c,欣飘,"",茅欣飘,13673796677,s3bk7gesvb7c@yahoo.com,"",1,1985-06-11,F,2020-06-11T19:26:14.000+08:00,"",""
